{
  "basic_metrics": {
    "total_nodes": 146,
    "total_edges": 10,
    "density": 0.0004723665564478035,
    "is_connected": false,
    "number_of_components": 137
  },
  "centrality_measures": {
    "most_central_papers": {
      "degree": "ss_fac053e33592c06ebd5523ba132cee001d4e446c",
      "betweenness": "ss_fac053e33592c06ebd5523ba132cee001d4e446c",
      "closeness": "ss_5b7cd99d548f8089b19249cc4b0ffc3fea96702d",
      "pagerank": "ss_5b7cd99d548f8089b19249cc4b0ffc3fea96702d"
    },
    "avg_degree_centrality": 0.0009447331128956069,
    "avg_betweenness_centrality": 3.280323308665302e-06
  },
  "community_structure": {
    "number_of_communities": 10,
    "modularity": 0.3385971203759742,
    "communities": {
      "arxiv_2507.06662v1": 1,
      "arxiv_2507.00984v1": 1,
      "ss_17a33f24a4a58cdf4a9083382bc65b255884c8ce": 1,
      "arxiv_2506.13425v1": 1,
      "arxiv_2304.02833v2": 1,
      "arxiv_2303.16382v1": 1,
      "arxiv_1909.05426v1": 1,
      "arxiv_2505.08853v1": 2,
      "arxiv_2504.15130v1": 2,
      "arxiv_2506.11011v1": 3,
      "arxiv_2309.12365v3": 3,
      "gs_023": 4,
      "gs_038": 4,
      "arxiv_2504.16595v1": 1,
      "arxiv_2412.13359v1": 2,
      "arxiv_2408.03063v1": 2,
      "arxiv_2203.07092v1": 2,
      "arxiv_2010.08184v3": 2,
      "arxiv_1809.03531v3": 2,
      "arxiv_2503.02992v2": 2,
      "arxiv_2311.01728v1": 2,
      "arxiv_2502.14743v2": 2,
      "arxiv_2412.02650v1": 5,
      "arxiv_2111.03111v1": 5,
      "arxiv_1905.08041v1": 2,
      "arxiv_2402.06018v1": 1,
      "ss_3caf49ec40bde5fe445be28575d93a1f0b9c08e2": 1,
      "arxiv_2312.16026v1": 7,
      "arxiv_1805.08564v2": 7,
      "ss_0b9817ea9c219d926dbc75be3dcd498d864f5107": 8,
      "ss_0fdb31a57ef6f03f7374db930792a0c90ee7f4e2": 8,
      "ss_38559b5f9cb1fe04bfb57db1f363c7f39d5f4cb8": 7,
      "arxiv_2310.17168v2": 3,
      "ss_85c886e0a0eee405285b0b3fcfb12137288f88be": 3,
      "arxiv_2008.07486v1": 3,
      "ss_1a874b3659c3950ee6b507eb4cc3c7882b03de6c": 9,
      "arxiv_2308.06036v1": 2,
      "ss_a4a2851af9322fb5e1d6f77c68d57c3aedcff5db": 2,
      "arxiv_2306.16783v1": 1,
      "ss_e62a72bc313dbb9ce9da8ea04a6179fc6056101d": 1,
      "arxiv_2207.03851v2": 2,
      "gs_032": 8,
      "arxiv_2207.00227v1": 0,
      "arxiv_1911.02510v1": 0,
      "arxiv_2202.12786v1": 4,
      "arxiv_1804.03810v1": 3,
      "ss_8ad9a9bb4e1af80ca2f6e07cea57fe958f1a9731": 3,
      "ss_082ad4ecae9088a48e75c0ae7173295684d521ec": 6,
      "ss_df59dd3dae406441501cb07426fa848f3a1868c0": 8,
      "gs_012": 6,
      "ss_5b7cd99d548f8089b19249cc4b0ffc3fea96702d": 4,
      "ss_fac053e33592c06ebd5523ba132cee001d4e446c": 8,
      "ss_34b0feef34a6288327a42e16a91f00711b612eb5": 8,
      "ss_e6074d08226c7046292de75f61dfb107f53c0164": 8,
      "ss_3cee79c89cc323c016f2c75b6bcd396cbe680ba7": 8,
      "gs_020": 4,
      "gs_028": 8,
      "gs_033": 8,
      "gs_041": 4,
      "gs_044": 8,
      "gs_047": 8,
      "ss_8cabf4b96ca5abe6ac10aa5c50ec4e8f1a7e102a": 4,
      "ss_55e470ebe6f4be3931b3b6a71f77e2ae0c257381": 9,
      "gs_003": 4,
      "gs_005": 4,
      "gs_006": 4,
      "gs_009": 4,
      "gs_011": 9,
      "gs_013": 4,
      "gs_014": 4,
      "gs_015": 4,
      "gs_022": 4,
      "ss_3d1e6e6d4fe138027aadb7444a93525720f8f547": 8,
      "ss_7853fee54206502fd6f6253a1d46e4344ed32fef": 8,
      "gs_002": 4,
      "ss_9cac5d2be64a6df5f94750fc39cd44db25f50726": 9,
      "ss_b2c9a50bbdc1702c042288e8e4174ab3e40fd1e1": 9,
      "gs_008": 4,
      "gs_007": 4,
      "gs_031": 9,
      "ss_0778252fe992b9a8f18d89b0fe8c85a5b0a7bcb7": 8,
      "gs_000": 4,
      "gs_017": 4,
      "gs_037": 8,
      "gs_004": 4,
      "ss_df5d4af700dbc52999ed041c74bbc609afaad1b7": 6,
      "gs_030": 6,
      "ss_197750df5994df32ec6e5b3397ee2dd083671f16": 8,
      "ss_46991210dc5b8dd8f74a311523f1eb58f4916acb": 8,
      "gs_026": 8,
      "ss_d4cc857fe2c9280cebdbeb7d91494c32953c3963": 8,
      "gs_018": 4,
      "gs_042": 8,
      "gs_046": 8,
      "gs_025": 3,
      "ss_7ef2913fd432ee9e595ba80bf0c19791f8fa91a3": 1,
      "gs_035": 8,
      "gs_001": 4,
      "gs_010": 4,
      "gs_019": 4,
      "gs_021": 8,
      "gs_024": 4,
      "gs_027": 9,
      "gs_029": 4,
      "gs_040": 9,
      "gs_043": 4,
      "gs_016": 6,
      "gs_034": 8,
      "gs_036": 9,
      "gs_045": 9
    }
  },
  "influential_papers": {}
}